{"products":[{"id":0.243525,"quantity":1}],"totalPrice":27.460000000000043}