{"products":[{"id":0.243525,"quantity":1},{"id":321645,"quantity":4}],"totalPrice":83.42000000000002}